bin,has_motif,mod_type,motif,mod_position,n_mod_bin,n_nomod_bin,motif_type,motif_complement,mod_position_complement,n_mod_complement,n_nomod_complement,linked,candidate_genes
Pseudomonas aeruginosa,TRUE,a,CMTCGAKG,5,2773,966,palindrome,CMTCGAKG,5,2773,966,FALSE,"contig_92_2042, contig_92_2090, contig_92_5093"
Pseudomonas aeruginosa,TRUE,m,GGGNNGGCGCCG,9,119,73,non-palindrome,NA,NA,NA,NA,FALSE,nan
Escherichia coli (ZymoHMW),TRUE,a,AAGANGNNNCTC,3,66,15,ambiguous,NA,NA,NA,NA,NA,NA
Escherichia coli (ZymoHMW),TRUE,a,GAGTNNNNTCTT,1,86,8,bipartite,NA,NA,NA,NA,TRUE,contig_66_1385
Escherichia coli (ZymoHMW),TRUE,a,GATC,1,38655,154,palindrome,GATC,1,38655,154,TRUE,contig_66_645
Escherichia coli (ZymoHMW),TRUE,m,CCWGG,1,24617,22,palindrome,CCWGG,1,24617,22,TRUE,contig_66_2036
Escherichia coli (ZymoHMW),TRUE,m,GCCGGC,2,606,1,palindrome,GCCGGC,2,606,1,TRUE,contig_66_2016
Escherichia coli (ZymoHMW),TRUE,m,TCCGGA,2,1922,63,palindrome,TCCGGA,2,1922,63,TRUE,contig_66_2631
Salmonella enterica,TRUE,a,CAGAG,3,4010,1574,non-palindrome,NA,NA,NA,NA,TRUE,contig_67_3564
Salmonella enterica,TRUE,a,GATC,1,37133,212,palindrome,GATC,1,37133,212,TRUE,contig_67_492
Salmonella enterica,TRUE,m,CCWGG,1,26118,75,palindrome,CCWGG,1,26118,75,TRUE,contig_67_1898
Bacillus spizizenii,TRUE,a,ACAYNNNNNNNTGNG,2,477,53,ambiguous,NA,NA,NA,NA,TRUE,contig_68_326
Bacillus spizizenii,TRUE,m,CCWGG,1,4900,1129,palindrome,CCWGG,1,4900,1129,TRUE,contig_68_1556
Listeria monocytogenes,TRUE,a,GCANNNNNNNTGC,2,870,35,bipartite,GCANNNNNNNTGC,2,870,35,TRUE,contig_54_1388
Enterococcus faecalis,TRUE,a,CRAANNNNNNRTTG,3,841,14,bipartite,CAAYNNNNNNTTYG,2,851,4,TRUE,contig_55_737
Staphylococcus aureus,TRUE,a,GAAGNNNNNNTTRG,2,225,3,bipartite,CYAANNNNNNCTTC,3,227,1,TRUE,contig_65_271
Staphylococcus aureus,TRUE,a,TCTANNNNNNTTAA,3,402,12,bipartite,NA,NA,NA,NA,TRUE,contig_65_1563
Staphylococcus aureus,TRUE,a,YTAANNNNNNTAGA,2,409,129,bipartite,NA,NA,NA,NA,FALSE,nan
Staphylococcus aureus,TRUE,m,GATC,3,9998,3,palindrome,GATC,3,9998,3,TRUE,contig_65_2179
Escherichia coli K-12,TRUE,a,GATC,1,38062,187,palindrome,GATC,1,38062,187,TRUE,contig_3_324
Escherichia coli K-12,TRUE,a,GCACNNNNNNGTT,2,577,19,bipartite,AACNNNNNNGTGC,1,586,10,TRUE,contig_3_3688
Escherichia coli K-12,TRUE,m,CCWGG,1,24042,53,palindrome,CCWGG,1,24042,53,TRUE,contig_3_1707
Meiothermus ruber,TRUE,a,AATT,1,6043,138,palindrome,AATT,1,6043,138,TRUE,contig_1_617
Meiothermus ruber,TRUE,a,CTCGAG,4,14415,650,palindrome,CTCGAG,4,14415,650,TRUE,contig_1_2144
Meiothermus ruber,TRUE,a,GATC,1,15165,4254,palindrome,GATC,1,15165,4254,TRUE,contig_1_3083
Meiothermus ruber,TRUE,a,GGCANNNNNNTGG,3,1235,3,bipartite,CCANNNNNNTGCC,2,1209,29,TRUE,contig_1_2076
Meiothermus ruber,TRUE,a,GGGAGC,3,1866,11,non-palindrome,NA,NA,NA,NA,FALSE,"contig_1_1020, contig_1_201, contig_1_877"
Meiothermus ruber,TRUE,a,GGGGNNGGGGNAGS,11,53,16,ambiguous,NA,NA,NA,NA,NA,NA
Meiothermus ruber,TRUE,a,GGNGGTGGNGGKNA,13,59,50,ambiguous,NA,NA,NA,NA,NA,NA
Meiothermus ruber,TRUE,a,KGGGGGNGKGNA,11,67,54,ambiguous,NA,NA,NA,NA,NA,NA
Meiothermus ruber,TRUE,a,TTAA,3,4446,193,palindrome,TTAA,3,4446,193,TRUE,contig_1_3033
P. thermoglucosidadius,TRUE,a,ACCCA,4,2510,252,non-palindrome,NA,NA,NA,NA,FALSE,"contig_1_1049, contig_1_202"
P. thermoglucosidadius,TRUE,a,CCAAAT,4,3221,122,non-palindrome,NA,NA,NA,NA,FALSE,"contig_1_1049, contig_1_202"
P. thermoglucosidadius,TRUE,a,GATC,1,26874,1033,palindrome,GATC,1,26874,1033,TRUE,"contig_1_955, contig_1_956"
P. thermoglucosidadius,TRUE,a,GRNGAAGY,5,3726,124,non-palindrome,NA,NA,NA,NA,FALSE,"contig_1_1049, contig_1_202"
