bin,gene_id,contig,mod_type,sub_type,RM_system,motif_type,REbase_ID,motif_pred,linked,detected_motif
Escherichia coli K-12,contig_3_1707,contig_3,m,Type_II,FALSE,palindrome,M.SflLIN6DcmP,CCWGG,TRUE,CCWGG
Escherichia coli K-12,contig_3_324,contig_3,a,Type_II,FALSE,palindrome,M.UbaC1152DamP,GATC,TRUE,GATC
Escherichia coli K-12,contig_3_3688,contig_3,a,Type_I,TRUE,bipartite,M.SenHNK130ORF17125P,AACNNNNNNGTGC,TRUE,AACNNNNNNGTGC
Escherichia coli K-12,contig_3_446,contig_3,a,Type_II,FALSE,palindrome,M.Eco4792LORF2734P,ATGCAT,FALSE,NA
P. thermoglucosidadius,contig_1_1049,contig_1,a,Type_III,TRUE,non-palindrome,NA,NA,FALSE,NA
P. thermoglucosidadius,contig_1_202,contig_1,a,Type_IIG,TRUE,"bipartite, non-palindrome",NA,NA,FALSE,NA
P. thermoglucosidadius,contig_1_2728,contig_1,a,Type_II,FALSE,palindrome,NA,NA,FALSE,NA
P. thermoglucosidadius,contig_1_955,contig_1,a,Type_II,FALSE,palindrome,M1.PthTM242ORF9515P,GATC,TRUE,GATC
P. thermoglucosidadius,contig_1_956,contig_1,a,Type_II,FALSE,palindrome,M2.PthTM242ORF9515P,GATC,TRUE,GATC
Meiothermus ruber,contig_1_1020,contig_1,a,Type_IIG,TRUE,"bipartite, non-palindrome",NA,NA,FALSE,NA
Meiothermus ruber,contig_1_1815,contig_1,m,Type_II,FALSE,palindrome,M.Mru1279ORF2712P,GGWCC,FALSE,NA
Meiothermus ruber,contig_1_1955,contig_1,a,Type_II,TRUE,palindrome,M.MruH328ORFKP,CAGCTG,FALSE,NA
Meiothermus ruber,contig_1_201,contig_1,a,Type_IIG,TRUE,"bipartite, non-palindrome",NA,NA,FALSE,NA
Meiothermus ruber,contig_1_2076,contig_1,a,Type_I,TRUE,bipartite,M.MruH328ORFJP,GGCANNNNNNTGG,TRUE,GGCANNNNNNTGG
Meiothermus ruber,contig_1_2131,contig_1,a,Type_II,TRUE,palindrome,M.MruH328ORFIP,RGATCY,FALSE,NA
Meiothermus ruber,contig_1_2144,contig_1,a,Type_II,FALSE,palindrome,M.MruH328ORFHP,CTCGAG,TRUE,CTCGAG
Meiothermus ruber,contig_1_3033,contig_1,a,Type_II,FALSE,palindrome,M.Mru1279VI,TTAA,TRUE,TTAA
Meiothermus ruber,contig_1_3083,contig_1,a,Type_II,FALSE,palindrome,M.Mru1279VII,GATC,TRUE,GATC
Meiothermus ruber,contig_1_617,contig_1,a,Type_II,FALSE,palindrome,M.MruH328ORFCP,AATT,TRUE,AATT
Meiothermus ruber,contig_1_877,contig_1,a,Type_III,TRUE,non-palindrome,NA,NA,FALSE,NA
Listeria monocytogenes,contig_54_104,contig_54,a,Type_II,FALSE,palindrome,NA,NA,FALSE,NA
Listeria monocytogenes,contig_54_1388,contig_54,a,Type_I,TRUE,bipartite,M.LspSB2I,GCANNNNNNNTGC,TRUE,GCANNNNNNNTGC
Listeria monocytogenes,contig_54_1653,contig_54,a,Type_II,FALSE,palindrome,NA,NA,FALSE,NA
Listeria monocytogenes,contig_54_2075,contig_54,m,Type_II,TRUE,palindrome,NA,NA,FALSE,NA
Enterococcus faecalis,contig_55_1646,contig_55,a,Type_II,FALSE,palindrome,M.EfaBE33ORF9830P,CTBVAG,FALSE,NA
Enterococcus faecalis,contig_55_1865,contig_55,a,Type_II,FALSE,palindrome,NA,NA,FALSE,NA
Enterococcus faecalis,contig_55_2291,contig_55,a,Type_II,FALSE,palindrome,NA,NA,FALSE,NA
Enterococcus faecalis,contig_55_2307,contig_55,a,Type_II,FALSE,palindrome,NA,NA,FALSE,NA
Enterococcus faecalis,contig_55_737,contig_55,a,Type_I,TRUE,bipartite,M.EfaC8176IV,TCAANNNNNNTSC,TRUE,CRAANNNNNNRTTG
Staphylococcus aureus,contig_65_1563,contig_65,a,Type_I,FALSE,bipartite,M.Sau1012aORFCP,TCTANNNNNNTTAA,TRUE,TCTANNNNNNTTAA
Staphylococcus aureus,contig_65_2179,contig_65,m,Type_II,TRUE,palindrome,M.Saus282ORF10010P,GATC,TRUE,GATC
Staphylococcus aureus,contig_65_271,contig_65,a,Type_I,FALSE,bipartite,M.Sau1012aORFBP,GAAGNNNNNNTTRG,TRUE,GAAGNNNNNNTTRG
Staphylococcus aureus,contig_65_364,contig_65,a,Type_II,FALSE,palindrome,NA,NA,FALSE,NA
Escherichia coli (ZymoHMW),contig_66_1385,contig_66,a,Type_I,TRUE,bipartite,M.Eco29C15ORF5625P,AAGANNNNNCTC,TRUE,GAGTNNNNTCTT
Escherichia coli (ZymoHMW),contig_66_2016,contig_66,m,Type_II,TRUE,palindrome,M.Eco87042ORFKP,GCCGGC,TRUE,GCCGGC
Escherichia coli (ZymoHMW),contig_66_2036,contig_66,m,Type_II,FALSE,palindrome,M.Eco1109Dcm,CCWGG,TRUE,CCWGG
Escherichia coli (ZymoHMW),contig_66_2631,contig_66,m,Type_II,FALSE,palindrome,NA,NA,TRUE,TCCGGA
Escherichia coli (ZymoHMW),contig_66_2759,contig_66,a,Type_II,FALSE,palindrome,M.Spn7978ORF3515P,A,FALSE,NA
Escherichia coli (ZymoHMW),contig_66_645,contig_66,a,Type_II,FALSE,palindrome,M.UbaC1152DamP,GATC,TRUE,GATC
Escherichia coli (ZymoHMW),contig_66_767,contig_66,a,Type_II,FALSE,palindrome,M.Eco4792LORF2734P,ATGCAT,FALSE,NA
Salmonella enterica,contig_67_1898,contig_67,m,Type_II,FALSE,palindrome,M.Sen4212aDcmP,CCWGG,TRUE,CCWGG
Salmonella enterica,contig_67_3564,contig_67,a,Type_III,TRUE,non-palindrome,Sen31684ORF12800P,CAGAG,TRUE,CAGAG
Salmonella enterica,contig_67_4130,contig_67,a,Type_II,TRUE,palindrome,M.Sen4212aORFBP,ACGGC,FALSE,NA
Salmonella enterica,contig_67_492,contig_67,a,Type_II,FALSE,palindrome,M.StyTDamP,GATC,TRUE,GATC
Salmonella enterica,contig_67_587,contig_67,a,Type_II,FALSE,palindrome,M.Sen4212aORFCP,ATGCAT,FALSE,NA
Bacillus spizizenii,contig_68_1556,contig_68,m,Type_II,TRUE,palindrome,NA,NA,TRUE,CCWGG
Bacillus spizizenii,contig_68_2457,contig_68,a,Type_II,FALSE,palindrome,NA,NA,FALSE,NA
Bacillus spizizenii,contig_68_326,contig_68,a,Type_I,TRUE,bipartite,M.BsuW23I,CNCANNNNNNNRTGT,TRUE,CNCANNNNNNNRTGT
Pseudomonas aeruginosa,contig_92_2042,contig_92,NA,Type_II,FALSE,palindrome,NA,NA,FALSE,NA
Pseudomonas aeruginosa,contig_92_2090,contig_92,a,Type_II,FALSE,palindrome,M.Pae235ORFGP,TGGCCA,FALSE,NA
Pseudomonas aeruginosa,contig_92_5093,contig_92,a,Type_II,TRUE,palindrome,M.Pae15442ORFEP,CCWGG,FALSE,NA
Pseudomonas aeruginosa,contig_92_6125,contig_92,m,Type_II,TRUE,palindrome,M.Pae15442ORFBP,GTCGAC,FALSE,NA
